del_names,af_corr_CSPvsRMSD,relax_corr_wtAF_CSPvsRMSD,relax_corr_wtRelax_CSPvsRMSD,relax_corr_CSPvsddG
del2,0.17296037296037295,0.1431235431235431,0.06386946386946386,0.16736596736596737
del3,0.10711150131694466,0.0719929762949956,0.08779631255487268,0.160667251975417
del5,0.12442396313364053,0.02918586789554531,-0.05376344086021505,0.1479774705581157
del50,-0.008627450980392158,0.024313725490196083,0.008627450980392158,-0.014901960784313727
del51,-0.12203389830508474,-0.020338983050847456,-0.08022598870056497,0.02090986237756569
del52,-0.05454545454545456,0.004713804713804714,-0.0787878787878788,0.08891883293180965
del62,0.22950819672131145,0.2961748633879781,0.3169398907103825,0.30008200082153963
del64,0.09062980030721965,0.0629800307219662,0.09165386584741424,0.0942381592999605
del66,0.2755156002115283,0.11263881544156532,0.13273400317292441,0.269312207008794
del67,0.20888418826017982,0.1189846641988366,0.15071390798519305,0.18244315177154946
del68,0.028972783143107986,0.0719929762949956,0.21334503950834063,0.1287063754026268
del69,0.388937664618086,0.1826163301141352,0.20105355575065847,0.2889767516274009
del70,0.17774762550881956,0.1632745364088648,0.3297150610583447,0.07057227052284164
del71,0.05020352781546812,0.1623699683401176,0.09543193125282678,0.037095680659442395
del72,0.08428446005267777,0.2080772607550483,0.19490781387181735,0.14006586506585245
