,del_names,af_corr_CSPvsRMSD,relax_corr_wtAF_CSPvsRMSD,relax_corr_wtRelax_CSPvsRMSD,relax_corr_CSPvsddG
0,del2,0.24047020491570312,0.05690413831622515,0.09430217708147762,0.17401820188226386
1,del3,0.37785824389857486,0.23893607586789584,0.19960088137160634,0.09621316199790952
2,del5,0.17118959183256618,-0.002344994062305875,-0.11933535282071904,0.12221549477415015
3,del50,-0.10463977500537015,-0.10520319001997505,-0.11452589297532072,-0.10123600156095726
4,del51,-0.20200612865033155,-0.13335111498876148,-0.21007733953930405,0.11859773125313926
5,del52,-0.11516998233445017,-0.07181852897391328,-0.17054947205376894,0.19246776173400798
6,del62,0.29181497608856694,0.31881823440591556,0.28557786751620623,0.41890032914611425
7,del64,0.0987842103078188,0.00012887007359426656,0.021680457392684267,0.18072076036215964
8,del66,0.13746696700714695,0.07944300818624356,0.14963767527181168,0.2381651402268938
9,del67,0.32184201779583504,0.24977978124991804,0.34464794152707845,0.3454234435100263
10,del68,0.12606104449133906,0.1868487013920608,0.2359401168535218,0.12523485577154236
11,del69,0.40381923419921617,0.37093547196840687,0.30798668315485817,0.22278190376329596
12,del70,0.3481380125764292,0.33388609267329034,0.3708612051476729,0.2793799550494884
13,del71,0.4665225548404776,0.4319096192182746,0.28412015245234584,0.21935778025981661
14,del72,-0.046310898304121134,-0.024782066513290967,0.0016973057144947022,0.11202213989999561
