del_names,af_corr_absddGvsRMSD,relax_corr_wtAF_absddGvsRMSD,relax_corr_wtRelax_absddGvsRMSD
del2,0.3346567808649362,0.4271473084365958,0.4592244430247317
del3,0.3508255463927393,0.4632049977890127,0.4677923987202795
del5,0.47923294101915426,0.5093115586857407,0.5051520843444756
del50,0.43437710068904234,0.40323455724639196,0.48634273954830404
del51,0.3290197599584874,0.32311606607865656,0.4391984811176696
del52,0.19083449093126012,0.12031461784677884,0.3442648100230451
del62,0.39303227455156076,0.46242609770668697,0.5289785828712652
del64,0.3564544287424434,0.25115687863173963,0.18267590836229
del66,0.46094320129321215,0.5152810081784258,0.5990177438837601
del67,0.4144355552450923,0.3161463272807643,0.5170563182615271
del68,0.5049091153616598,0.5728687444114192,0.4788958218322211
del69,0.4268577371704487,0.3248400044911754,0.3026829311090161
del70,0.4796141554499888,0.40590367578318376,0.40993807810926086
del71,0.5090647338473491,0.527694708639414,0.5770661508782245
del72,0.4706070026769714,0.4770844253350489,0.5481939577572239
