del_names,af_corr_absddGvsRMSD,relax_corr_wtAF_absddGvsRMSD,relax_corr_wtRelax_absddGvsRMSD
del2,0.30365526492287054,0.06354795439302481,0.12746478873239434
del3,0.3107981220657277,0.27803487592219983,0.3112676056338028
del5,0.3407614637597274,0.3685446009389672,0.3373207280210947
del50,0.005130784708249496,-0.050570087189805484,0.20456069751844397
del51,0.2473193101974088,0.017186596132362307,0.24648093965436677
del52,0.15818508025497055,0.030500176063577633,0.16812823825700546
del62,0.3019475347820297,0.33008325020652135,0.37062684966803555
del64,0.400053655728812,0.1579825451308465,0.2668533438502889
del66,0.26714062949143424,0.26893475749517415,0.36974127673334267
del67,0.37216633132126087,0.20392354124748488,0.4340040241448691
del68,0.28236793355511103,0.4293032186942701,0.40447026681807535
del69,0.5629705394912694,0.24440382974310482,0.4619125069815485
del70,0.29755447313648925,0.2538418330222761,0.49076534848596326
del71,0.33759505027217823,0.3052171798998938,0.3511934204803205
del72,0.16413618491677523,0.24490480303344767,0.34658238249358914
