del_names,af_corr_absddGvsRMSD,relax_corr_wtAF_absddGvsRMSD,relax_corr_wtRelax_absddGvsRMSD
del2,0.1887323943661972,0.03179074446680081,0.07364185110663984
del3,0.2160965794768612,0.18390342052313885,0.20724346076458755
del5,0.2464788732394366,0.25430359937402186,0.23630672926447574
del50,-0.006841046277665997,-0.039034205231388334,0.1404426559356137
del51,0.18112296603447245,-0.004829945760919266,0.1593882101103358
del52,0.10990339054841446,0.019726249585612848,0.12037038012445392
del62,0.1835379389149321,0.1915878485164642,0.22137251404213304
del64,0.26806198973101925,0.08774401465670001,0.17548802931340002
del66,0.17270532800465124,0.1791465523591371,0.24597425503692757
del67,0.24989939637826966,0.12837022132796783,0.2989939637826962
del68,0.1892490782073272,0.2931347424147536,0.28266564447136955
del69,0.38123996648113,0.15579711407412597,0.3015298150943678
del70,0.18595291179539175,0.17146307451263396,0.3284363117425101
del71,0.2270074507632055,0.20929764963983485,0.22861743268351192
del72,0.10062387001915138,0.16421815587125504,0.22137251404213304
