del_names,af_corr_CSPvsRMSD,relax_corr_wtAF_CSPvsRMSD,relax_corr_wtRelax_CSPvsRMSD,relax_corr_CSPvsddG
del2,0.25903350380962326,0.20025049577288387,0.07779981212817036,0.24300177434505799
del3,0.1578425010497385,0.10295071954803983,0.12986219796159865,0.2335763637057678
del5,0.1636904761904762,0.04195468509984639,-0.05683563748079877,0.2164458525345622
del50,0.0007239819004524886,0.019638009049773753,0.014751131221719456,-0.03538461538461538
del51,-0.18393998332870246,-0.04956932481244791,-0.11514309530425118,0.06760305089636703
del52,-0.06883116883116884,0.019696969696969702,-0.10173160173160176,0.13485091724627446
del62,0.34093072448439976,0.4235854045478582,0.47028027498677943,0.4433956028362485
del64,0.11088709677419355,0.0872215821812596,0.13224846390168973,0.14218680620751
del66,0.38888469189897007,0.17065800407947418,0.20581199163959607,0.3798791237668891
del67,0.3071441162398328,0.17559366422401854,0.215381128654529,0.25778751479438944
del68,0.04908959041111577,0.1099362522426232,0.31095163568347517,0.203540583182145
del69,0.5385349467496278,0.25449478947971144,0.2894606252624346,0.42270914061103626
del70,0.26402745630138086,0.2595977332588395,0.4752174954106474,0.15135038062829873
del71,0.09613696224758561,0.22703328278394128,0.13795993295554315,0.059841765524623315
del72,0.13001488720082452,0.30938657098141004,0.2828568156659159,0.20639964882079698
